Time,Reward,Control,Power,Up_con,Down_con,Stad_con,Turbin,EO
0,1,1,0.021388264,0.102117356,0.097882644,0.0216,0,0
1,1,0,0.021479063,0.103209373,0.096790627,0.0218,0,0
2,1,0,0.021567021,0.104329794,0.095670206,0.022,0,0
3,1,0,0.021652678,0.10547322,0.09452678,0.0222,0,0
4,1,0,0.021735877,0.106641232,0.093358768,0.0224,0,0
5,1,0,0.021817427,0.107825729,0.092174271,0.0226,0,0
6,1,0,0.021896552,0.109034477,0.090965523,0.0228,0,0
7,1,0,0.021973668,0.110263323,0.089736677,0.023,0,0
8,1,0,0.0220489,0.111511001,0.088488999,0.0232,0,0
9,1,0,0.022121869,0.11278131,0.08721869,0.0234,0,0
10,1,0,0.022193503,0.114064974,0.085935026,0.0236,0,0
11,1,0,0.022263302,0.115366985,0.084633015,0.0238,0,0
12,1,0,0.022331871,0.116681289,0.083318711,0.024,0,0
13,1,0,0.022399414,0.118005857,0.081994143,0.0242,0,0
14,1,0,0.022465458,0.119345419,0.080654581,0.0244,0,0
15,1,0,0.022530891,0.12069109,0.07930891,0.0246,0,0
16,1,1,0.022595041,0.122049595,0.077950405,0.0248,0,0
17,1,1,0.022721488,0.12278512,0.07721488,0.025,0,0
18,1,1,0.022846196,0.123538042,0.076461958,0.0252,0,0
19,1,1,0.02299566,0.124043399,0.075956601,0.0254,0,0
20,1,1,0.023162356,0.124376444,0.075623556,0.0256,0,0
21,1,1,0.023320965,0.124790345,0.075209655,0.0258,0,0
22,1,1,0.023523744,0.124762558,0.075237442,0.026,0,0
23,1,1,0.023701355,0.124986451,0.075013549,0.0262,0,0
24,1,1,0.023925923,0.124740772,0.075259228,0.0264,0,0
25,1,1,0.024136366,0.124636337,0.075363663,0.0266,0,0
26,1,1,0.024366563,0.124334368,0.075665632,0.0268,0,0
27,1,1,0.024611363,0.123886368,0.076113632,0.027,0,0
28,1,1,0.024843631,0.123563687,0.076436313,0.0272,0,0
29,1,1,0.025114017,0.122859834,0.077140166,0.0274,0,0
30,1,1,0.025358807,0.122411927,0.077588073,0.0276,0,0
31,1,0,0.02564243,0.121575696,0.078424304,0.0278,0,0
32,1,0,0.02590891,0.120910903,0.079089097,0.028,0,0
33,1,0,0.02615249,0.120475103,0.079524897,0.0282,0,0
34,1,0,0.026380105,0.120198951,0.079801049,0.0284,0,0
35,1,0,0.026598189,0.12001811,0.07998189,0.0286,0,0
36,1,0,0.02680932,0.119906801,0.080093199,0.0288,0,0
37,1,0,0.02701606,0.119839396,0.080160604,0.029,0,0
38,1,0,0.027219592,0.119804083,0.080195917,0.0292,0,0
39,1,0,0.027419899,0.119801013,0.080198987,0.0294,0,0
40,1,0,0.027618237,0.119817632,0.080182368,0.0296,0,0
41,1,0,0.027813831,0.119861687,0.080138313,0.0298,0,0
42,1,0,0.028007383,0.119926175,0.080073825,0.03,0,0
43,1,0,0.028198957,0.120010426,0.079989574,0.0302,0,0
44,1,0,0.028387884,0.120121163,0.079878837,0.0304,0,0
45,1,0,0.028575171,0.120248292,0.079751708,0.0306,0,0
46,1,0,0.028759891,0.120401088,0.079598912,0.0308,0,0
47,1,0,0.028942583,0.120574169,0.079425831,0.031,0,0
48,1,0,0.029123286,0.120767142,0.079232858,0.0312,0,0
49,1,0,0.029301308,0.120986919,0.079013081,0.0314,0,0
50,1,0,0.02947766,0.121223404,0.078776596,0.0316,0,0
51,1,1,0.02965129,0.121487102,0.078512898,0.0318,0,0
52,1,1,0.029826395,0.121736048,0.078263952,0.032,0,0
53,1,1,0.030057397,0.121426033,0.078573967,0.0322,0,0
54,1,1,0.030298717,0.121012827,0.078987173,0.0324,0,0
55,1,1,0.030552253,0.120477469,0.079522531,0.0326,0,0
56,1,1,0.030839479,0.119605214,0.080394786,0.0328,0,0
57,1,1,0.031098913,0.119010866,0.080989134,0.033,0,0
58,1,1,0.031426221,0.117737789,0.082262211,0.0332,0,0
59,1,1,0.031719759,0.116802409,0.083197591,0.0334,0,0
60,1,1,0.032051399,0.115486006,0.084513994,0.0336,0,0
61,1,0,0.032379724,0.114202759,0.085797241,0.0338,0,0
62,1,0,0.032677796,0.113222043,0.086777957,0.034,0,0
63,1,0,0.032953821,0.112461789,0.087538211,0.0342,0,0
64,1,0,0.033214457,0.111855427,0.088144573,0.0344,0,0
65,1,0,0.033465743,0.111342569,0.088657431,0.0346,0,0
66,1,1,0.033709515,0.110904851,0.089095149,0.0348,0,0
67,1,1,0.034032039,0.109679607,0.090320393,0.035,0,0
68,1,1,0.034348086,0.108519145,0.091480855,0.0352,0,0
69,1,1,0.034694254,0.107057456,0.092942544,0.0354,0,0
70,1,1,0.035060607,0.105393931,0.094606069,0.0356,0,0
71,1,0,0.035340108,0.104265587,0.095734413,0.035766667,0,0
72,1,0,0.035757497,0.102091697,0.097908303,0.035966667,0,0
73,1,0,0.036132075,0.100345918,0.099654082,0.036166667,0,0
74,1,0,0.036474396,0.098922711,0.101077289,0.036366667,0,0
75,1,0,0.03679559,0.097710766,0.102289234,0.036566667,0,0
76,1,0,0.037101164,0.096655022,0.103344978,0.036766667,0,0
77,1,0,0.037397191,0.095694757,0.104305243,0.036966667,0,0
78,1,0,0.037685473,0.094811941,0.105188059,0.037166667,0,0
79,1,0,0.037967395,0.093992716,0.106007284,0.037366667,0,0
80,1,0,0.038244672,0.093219945,0.106780055,0.037566667,0,0
81,1,1,0.03851581,0.092508567,0.107491433,0.037766667,0,0
82,1,1,0.038785744,0.091809222,0.108190778,0.037966667,0,0
83,1,1,0.039119557,0.090471101,0.109528899,0.038166667,0,0
84,1,1,0.039464206,0.089024612,0.110975388,0.038366667,0,0
85,1,1,0.039816998,0.087496687,0.112503313,0.038566667,0,0
86,1,0,0.040199291,0.085673757,0.114326243,0.038766667,0,0
87,1,0,0.040550008,0.084166583,0.115833417,0.038966667,0,0
88,1,0,0.040874023,0.082926437,0.117073563,0.039166667,0,0
89,1,0,0.041179538,0.081871289,0.118128711,0.039366667,0,0
90,1,0,0.04147321,0.080934568,0.119065432,0.039566667,0,0
91,1,0,0.041756466,0.080102006,0.119897994,0.039766667,0,0
92,1,0,0.04203321,0.079334563,0.120665437,0.039966667,0,0
93,1,0,0.042303614,0.078630523,0.121369477,0.040166667,0,0
94,1,0,0.04256814,0.077985269,0.122014731,0.040366667,0,0
95,1,0,0.042828113,0.077385538,0.122614462,0.040566667,0,0
96,1,0,0.043081764,0.076849025,0.123150975,0.040766667,0,0
97,1,0,0.043331157,0.076355093,0.123644907,0.040966667,0,0
98,1,0,0.043575481,0.075911861,0.124088139,0.041166667,0,0
99,1,0,0.043814756,0.075519107,0.124480893,0.041366667,0,0
100,1,0,0.04405012,0.075165468,0.124834532,0.041566667,0,0
101,1,0,0.04427959,0.074870764,0.125129236,0.041766667,4.5,0
102,1,0,0.044505261,0.074614058,0.125385942,0.041966667,9,0
103,1,0,0.044726294,0.074403731,0.125596269,0.042166667,13.5,0
104,1,0,0.044942588,0.074240791,0.125759209,0.042366667,18,0
105,1,0,0.045155331,0.074113352,0.125886648,0.042566667,22.5,0
106,1,1,0.045362532,0.074041345,0.125958655,0.042766667,27,0
107,1,1,0.045652449,0.073142175,0.126857825,0.042966667,31.5,0
108,1,1,0.046003513,0.071631536,0.128368464,0.043166667,36,0
109,1,1,0.046399191,0.069674756,0.130325244,0.043366667,40.5,0
110,1,1,0.04682982,0.06736847,0.13263153,0.043566667,45,0
111,1,1,0.04728682,0.06479847,0.13520153,0.043766667,49.5,0
112,1,1,0.047768686,0.061979807,0.138020193,0.043966667,54,0
113,1,1,0.048238713,0.059279534,0.140720466,0.044166667,58.5,0
114,1,1,0.048743784,0.056228822,0.143771178,0.044366667,63,0
115,1,1,0.049241818,0.053248482,0.146751518,0.044566667,67.5,0
116,1,0,0.049758103,0.050085639,0.149914361,0.044766667,72,0
117,1,0,0.050268844,0.046978229,0.153021771,0.044966667,76.5,0
118,1,0,0.050721742,0.044449245,0.155550755,0.045166667,81,0
119,1,0,0.051134836,0.042318307,0.157681693,0.045366667,85.5,0
120,1,0,0.051522568,0.040440988,0.159559012,0.045566667,90,0
121,1,0,0.051891059,0.03875608,0.16124392,0.045766667,94.5,0
122,1,0,0.052247357,0.0371931,0.1628069,0.045966667,99,0
123,1,0,0.052593071,0.035735957,0.164264043,0.046166667,103.5,0
124,1,0,0.052929603,0.034370641,0.165629359,0.046366667,108,0
125,1,0,0.053258959,0.033077075,0.166922925,0.046566667,112.5,0
126,1,0,0.05357917,0.031874964,0.168125036,0.046766667,117,0
127,1,0,0.053892929,0.030737376,0.169262624,0.046966667,121.5,0
128,1,0,0.054199398,0.029672691,0.170327309,0.047166667,126,0
129,1,0,0.054498531,0.028681357,0.171318643,0.047366667,130.5,0
130,1,0,0.054791853,0.027748138,0.172251862,0.047566667,135,0
131,1,0,0.055076979,0.026896876,0.173103124,0.047766667,139.5,0
132,1,0,0.055356417,0.026102498,0.173897502,0.047966667,144,0
133,1,0,0.055629157,0.025375101,0.174624899,0.048166667,148.5,0
134,1,0,0.055895273,0.02471394,0.17528606,0.048366667,153,0
135,1,0,0.056156226,0.024104412,0.175895588,0.048566667,157.5,0
136,1,0,0.056409523,0.023571438,0.176428562,0.048766667,162,0
137,1,0,0.056657877,0.023087898,0.176912102,0.048966667,166.5,0
138,1,0,0.056900166,0.022665007,0.177334993,0.049166667,171,0
139,1,0,0.057136368,0.022302987,0.177697013,0.049366667,175.5,0
140,1,0,0.057368055,0.021986117,0.178013883,0.049566667,180,0
141,1,0,0.057592902,0.021737643,0.178262357,0.049766667,184.5,0
142,1,0,0.057813484,0.021531824,0.178468176,0.049966667,189,0
143,1,0,0.058028802,0.021378644,0.178621356,0.050166667,193.5,0
144,1,0,0.058238912,0.021277543,0.178722457,0.050366667,198,0
145,1,0,0.058445301,0.021213658,0.178786342,0.050566667,202.5,0
146,1,0,0.058645558,0.021211091,0.178788909,0.050766667,207,0
147,1,0,0.058842294,0.021243727,0.178756273,0.050966667,211.5,0
148,1,0,0.059034467,0.021321999,0.178678001,0.051166667,216,0
149,1,0,0.059222192,0.021444751,0.178555249,0.051366667,220.5,0
150,1,0,0.059406951,0.021597156,0.178402844,0.051566667,225,0
151,1,0,0.059586298,0.021803689,0.178196311,0.051766667,229.5,0
152,1,0,0.059762903,0.022037641,0.177962359,0.051966667,234,0
153,1,0,0.059935745,0.022309218,0.177690782,0.052166667,238.5,0
154,1,0,0.06010491,0.022617564,0.177382436,0.052366667,243,0
155,1,0,0.060271889,0.022947777,0.177052223,0.052566667,247.5,0
156,1,0,0.060434047,0.023326195,0.176673805,0.052766667,252,0
157,1,0,0.060594268,0.023723985,0.176276015,0.052966667,256.5,0
158,1,0,0.060751438,0.024152285,0.175847715,0.053166667,261,0
159,1,0,0.060905576,0.024610909,0.175389091,0.053366667,265.5,0
160,1,0,0.061058421,0.02508246,0.17491754,0.053566667,270,0
161,1,0,0.061208017,0.025586495,0.174413505,0.053766667,274.5,0
162,1,0,0.061358023,0.026086432,0.173913568,0.053966667,279,0
163,1,0,0.061508093,0.026585736,0.173414264,0.054166667,283.5,0
164,1,0,0.061658364,0.027083029,0.172916971,0.054366667,288,0
165,1,0,0.06181027,0.027563967,0.172436033,0.054566667,292.5,0
166,1,0,0.061960842,0.028058242,0.171941758,0.054766667,297,0
167,1,0,0.062112246,0.02854421,0.17145579,0.054966667,301.5,0
168,1,0,0.062262882,0.029037851,0.170962149,0.055166667,306,0
169,1,0,0.062412385,0.029542818,0.170457182,0.055366667,310.5,0
170,1,0,0.062562227,0.030044394,0.169955606,0.055566667,315,0
171,1,0,0.062709585,0.030570818,0.169429182,0.055766667,319.5,0
172,1,0,0.062857166,0.031095007,0.168904993,0.055966667,324,0
173,1,0,0.063003801,0.031628659,0.168371341,0.056166667,328.5,0
174,1,0,0.06314934,0.032173262,0.167826738,0.056366667,333,0
175,1,0,0.063295364,0.032713023,0.167286977,0.056566667,337.5,0
176,1,0,0.063439034,0.033276327,0.166723673,0.056766667,342,0
177,1,0,0.063583031,0.033836354,0.166163646,0.056966667,346.5,0
178,1,0,0.06372606,0.034406066,0.165593934,0.057166667,351,0
179,1,0,0.063867971,0.034986954,0.165013046,0.057366667,355.5,0
180,1,0,0.064010307,0.035563595,0.164436405,0.057566667,360,0
181,1,0,0.064150132,0.036165344,0.163834656,0.057766667,364.5,0
182,1,0,0.064290196,0.03676471,0.16323529,0.057966667,369,0
183,1,0,0.064429343,0.037373239,0.162626761,0.058166667,373.5,0
184,1,0,0.064567395,0.037992721,0.162007279,0.058366667,378,0
185,1,0,0.064705901,0.038607658,0.161392342,0.058566667,382.5,0
186,1,0,0.064842038,0.039246288,0.160753712,0.058766667,387,0
187,1,0,0.064978436,0.03988231,0.16011769,0.058966667,391.5,0
188,1,0,0.065113932,0.040527348,0.159472652,0.059166667,396,0
189,1,0,0.065248385,0.041182816,0.158817184,0.059366667,400.5,0
190,1,0,0.065383248,0.041834186,0.158165814,0.059566667,405,0
191,1,1,0.065515622,0.042510442,0.157489558,0.059766667,409.5,0
192,1,1,0.065711498,0.042551684,0.157448316,0.059966667,414,0
193,1,1,0.065989003,0.041776641,0.158223359,0.060166667,418.5,0
194,1,1,0.066303834,0.040628323,0.159371677,0.060366667,423,0
195,1,1,0.066640571,0.039260959,0.160739041,0.060566667,427.5,0
196,1,0,0.066997357,0.0376931,0.1623069,0.060766667,432,0
197,1,0,0.067348696,0.036179704,0.163820296,0.060966667,436.5,0
198,1,0,0.067620657,0.035460093,0.164539907,0.061166667,441,0
199,1,0,0.067820676,0.03545991,0.16454009,0.061366667,445.5,0
200,1,0,0.067958444,0.036082223,0.163917777,0.061566667,450,0
201,1,0,0.068040863,0.03725804,0.16274196,0.061766667,454.5,0
202,1,0,0.068082131,0.038845352,0.161154648,0.061966667,459,0
203,1,0,0.068092071,0.040745961,0.159254039,0.062166667,463.5,0
204,1,0,0.068079993,0.042866735,0.157133265,0.062366667,468,0
205,1,0,0.068054505,0.04512162,0.15487838,0.062566667,472.5,0
206,1,0,0.0680172,0.04749467,0.15250533,0.062766667,477,0
207,1,0,0.067973502,0.049931647,0.150068353,0.062966667,481.5,0
208,1,0,0.067923345,0.05243322,0.14756678,0.063166667,486,0
209,1,0,0.067867272,0.054993951,0.145006049,0.063366667,490.5,0
210,1,0,0.067807302,0.057593648,0.142406352,0.063566667,495,0
211,1,0,0.067741036,0.060256303,0.139743697,0.063766667,499.5,0
212,1,0,0.067671947,0.062947195,0.137052805,0.063966667,504,0
213,1,0,0.067599565,0.065671019,0.134328981,0.064166667,508.5,0
214,1,0,0.067524567,0.068420994,0.131579006,0.064366667,513,0
215,1,0,0.067449413,0.071172534,0.128827466,0.064566667,517.5,0
216,1,0,0.067371994,0.073946724,0.126053276,0.064766667,522,0
217,1,0,0.06729579,0.076708769,0.123291231,0.064966667,526.5,0
218,1,0,0.067220189,0.07946478,0.12053522,0.065166667,531,0
219,1,0,0.067145668,0.082209987,0.117790013,0.065366667,535.5,0
220,1,0,0.067074262,0.084924051,0.115075949,0.065566667,540,0
221,1,0,0.067003757,0.087629099,0.112370901,0.065766667,544.5,0
222,1,0,0.06693732,0.090293467,0.109706533,0.065966667,549,0
223,1,0,0.066874146,0.092925202,0.107074798,0.066166667,553.5,0
224,1,0,0.06681443,0.095522366,0.104477634,0.066366667,558,0
225,1,0,0.066760145,0.098065215,0.101934785,0.066566667,562.5,0
226,1,0,0.066708744,0.100579231,0.099420769,0.066766667,567,0
227,1,0,0.066663295,0.103033716,0.096966284,0.066966667,571.5,0
228,1,0,0.066622704,0.105439624,0.094560376,0.067166667,576,0
229,1,0,0.06658709,0.107795762,0.092204238,0.067366667,580.5,0
230,1,0,0.066558085,0.110085813,0.089914187,0.067566667,585,0
231,1,0,0.066533126,0.112335407,0.087664593,0.067766667,589.5,0
232,1,0,0.066514984,0.114516829,0.085483171,0.067966667,594,0
233,1,0,0.066502526,0.116641403,0.083358597,0.068166667,598.5,0
234,1,0,0.066495433,0.118712332,0.081287668,0.068366667,603,0
235,1,0,0.066495083,0.120715834,0.079284166,0.068566667,607.5,0
236,1,0,0.066498108,0.122685585,0.077314415,0.068766667,612,0
237,1,0,0.06650684,0.124598264,0.075401736,0.068966667,616.5,0
238,1,0,0.066519767,0.126468996,0.073531004,0.069166667,621,0
239,1,0,0.066536456,0.128302103,0.071697897,0.069366667,625.5,0
240,1,0,0.066558398,0.130082684,0.069917316,0.069566667,630,0
241,1,0,0.066582896,0.131837709,0.068162291,0.069766667,634.5,0
242,1,0,0.066612959,0.133537078,0.066462922,0.069966667,639,0
243,1,0,0.066647425,0.135192414,0.064807586,0.070166667,643.5,0
244,1,0,0.06668625,0.136804164,0.063195836,0.070366667,648,0
245,1,0,0.06673114,0.138355266,0.061644734,0.070566667,652.5,0
246,1,1,0.066779256,0.139874108,0.060125892,0.070766667,657,0
247,1,1,0.066920072,0.140465948,0.059534052,0.070966667,661.5,0
248,1,1,0.067109004,0.14057663,0.05942337,0.071166667,666,0
249,1,1,0.067343593,0.14023074,0.05976926,0.071366667,670.5,0
250,1,1,0.067612499,0.139541677,0.060458323,0.071566667,675,0
251,1,0,0.067899249,0.138674172,0.061325828,0.071766667,679.5,0
252,1,0,0.068222761,0.137439055,0.062560945,0.071966667,684,0
253,1,0,0.068490542,0.136761242,0.063238758,0.072166667,688.5,0
254,1,0,0.068722978,0.136436884,0.063563116,0.072366667,693,0
255,1,0,0.068937205,0.136294619,0.063705381,0.072566667,697.5,0
256,1,0,0.069139987,0.136266794,0.063733206,0.072766667,702,0
257,1,0,0.069339707,0.136269592,0.063730408,0.072966667,706.5,0
258,1,0,0.069538072,0.136285949,0.063714051,0.073166667,711,0
259,1,0,0.069736257,0.136304095,0.063695905,0.073366667,715.5,0
260,1,0,0.069936521,0.136301453,0.063698547,0.073566667,720,0
261,1,0,0.070136271,0.136303952,0.063696048,0.073766667,724.5,0
262,1,0,0.070338532,0.136281343,0.063718657,0.073966667,729,0
263,1,0,0.070541985,0.136246813,0.063753187,0.074166667,733.5,0
264,1,0,0.070746586,0.136200809,0.063799191,0.074366667,738,0
265,1,0,0.070953935,0.136127313,0.063872687,0.074566667,742.5,0
266,1,0,0.071160838,0.136058287,0.063941713,0.074766667,747,0
267,1,0,0.071370207,0.135964599,0.064035401,0.074966667,751.5,0
268,1,0,0.071580686,0.13585981,0.06414019,0.075166667,756,0
269,1,0,0.071791977,0.1357469,0.0642531,0.075366667,760.5,0
270,1,0,0.072005548,0.135611191,0.064388809,0.075566667,765,0
271,1,0,0.072218299,0.135483678,0.064516322,0.075766667,769.5,0
272,1,0,0.07243295,0.135337165,0.064662835,0.075966667,774,0
273,1,0,0.072648033,0.135186332,0.064813668,0.076166667,778.5,0
274,1,0,0.072863452,0.135032145,0.064967855,0.076366667,783,0
275,1,0,0.073079892,0.134867752,0.065132248,0.076566667,787.5,0
276,1,1,0.073289081,0.134775852,0.065224148,0.076766667,792,0
277,1,1,0.07355386,0.134128065,0.065871935,0.076966667,796.5,0
278,1,1,0.073858351,0.133083162,0.066916838,0.077166667,801,0
279,1,1,0.074156947,0.132097192,0.067902808,0.077366667,805.5,0
280,1,1,0.074439056,0.131276104,0.068723896,0.077566667,810,0
281,1,0,0.074715354,0.130513131,0.069486869,0.077766667,814.5,0
282,1,0,0.074997716,0.12968951,0.07031049,0.077966667,819,0
283,1,0,0.075179763,0.129869035,0.070130965,0.078166667,823.5,0
284,1,0,0.075295255,0.130714121,0.069285879,0.078366667,828,0
285,1,0,0.075371489,0.131951777,0.068048223,0.078566667,832.5,0
286,1,1,0.075421259,0.133454079,0.066545921,0.078766667,837,0
287,1,1,0.075556941,0.134097253,0.065902747,0.078966667,841.5,0
288,1,1,0.07576637,0.13400297,0.06599703,0.079166667,846,0
289,1,1,0.076018319,0.133483481,0.066516519,0.079366667,850.5,0
290,1,1,0.076301202,0.132654645,0.067345355,0.079566667,855,0
291,1,1,0.076606944,0.131597225,0.068402775,0.079766667,859.5,0
292,1,1,0.076910317,0.130563497,0.069436503,0.079966667,864,0
293,1,1,0.077271767,0.128948997,0.071051003,0.080166667,868.5,0
294,1,1,0.0775996,0.127670667,0.072329333,0.080366667,873,0
295,1,1,0.077958472,0.126081946,0.073918054,0.080566667,877.5,0
296,1,0,0.078314349,0.124523176,0.075476824,0.080766667,882,0
297,1,0,0.078624181,0.123424852,0.076575148,0.080966667,886.5,0
298,1,0,0.078870222,0.122964447,0.077035553,0.081166667,891,0
299,1,0,0.079075709,0.122909577,0.077090423,0.081366667,895.5,0
300,1,0,0.0792583,0.123083663,0.076916337,0.081566667,900,0
301,1,0,0.079424031,0.123426356,0.076573644,0.081766667,904.5,0
302,1,0,0.079581253,0.123854134,0.076145866,0.081966667,909,0
303,1,0,0.079731546,0.124351203,0.075648797,0.082166667,913.5,0
304,1,0,0.079876617,0.124900501,0.075099499,0.082366667,918,0
305,1,0,0.080019355,0.125473118,0.074526882,0.082566667,922.5,0
306,1,1,0.080157354,0.126093122,0.073906878,0.082766667,927,0
307,1,1,0.080422625,0.125440417,0.074559583,0.082966667,931.5,0
308,1,1,0.080725484,0.124411831,0.075588169,0.083166667,936,0
309,1,1,0.081082016,0.122846504,0.077153496,0.083366667,940.5,0
310,1,1,0.081475548,0.120911182,0.079088818,0.083566667,945,0
311,1,0,0.081872597,0.118940693,0.081059307,0.083766667,949.5,0
312,1,0,0.082328245,0.116384216,0.083615784,0.083966667,954,0
313,1,0,0.082701787,0.114648793,0.085351207,0.084166667,958.5,0
314,1,0,0.083021104,0.113455623,0.086544377,0.084366667,963,0
315,1,0,0.083309576,0.112570908,0.087429092,0.084566667,967.5,0
316,1,1,0.083577231,0.111894361,0.088105639,0.084766667,972,0
317,1,1,0.083902992,0.110636744,0.089363256,0.084966667,976.5,0
318,1,1,0.084325567,0.108410998,0.091589002,0.085166667,981,0
319,1,1,0.084784403,0.105822632,0.094177368,0.085366667,985.5,0
320,1,1,0.085289329,0.102773374,0.097226626,0.085566667,990,0
321,1,0,0.08586093,0.099057363,0.100942637,0.085766667,994.5,0
322,1,0,0.086321011,0.096123221,0.103876779,0.085933333,999,0
323,1,0,0.086861886,0.093047806,0.106952194,0.086166667,1003.5,0
324,1,0,0.087264344,0.091023226,0.108976774,0.086366667,1008,0
325,1,0,0.087635398,0.089312688,0.110687312,0.086566667,1012.5,0
326,1,0,0.087984279,0.087823879,0.112176121,0.086766667,1017,0
327,1,0,0.088322081,0.08644586,0.11355414,0.086966667,1021.5,0
328,1,0,0.088650912,0.085157546,0.114842454,0.087166667,1026,0
329,1,0,0.08897233,0.083943366,0.116056634,0.087366667,1030.5,0
330,1,0,0.089289337,0.082773293,0.117226707,0.087566667,1035,0
331,1,0,0.089547366,0.081859674,0.118140326,0.087733333,1039.5,0
332,1,0,0.089904971,0.080616952,0.119383048,0.087966667,1044,0
333,1,0,0.090206429,0.079602373,0.120397627,0.088166667,1048.5,0
334,1,0,0.090503208,0.078634583,0.121365417,0.088366667,1053,0
335,1,0,0.090748735,0.077845986,0.122154014,0.088533333,1057.5,0
336,1,0,0.091038473,0.076948604,0.123051396,0.088733333,1062,0
337,1,0,0.09132643,0.076069029,0.123930971,0.088933333,1066.5,0
338,1,0,0.091610052,0.075232816,0.124767184,0.089133333,1071,0
339,1,0,0.091891192,0.074421414,0.125578586,0.089333333,1075.5,0
340,1,0,0.092170253,0.073630799,0.126369201,0.089533333,1080,0
341,1,1,0.092445157,0.072881759,0.127118241,0.089733333,1084.5,0
342,1,1,0.092886485,0.070468482,0.129531518,0.089933333,1089,0
343,1,1,0.093397096,0.067362375,0.132637625,0.090133333,1093.5,0
344,1,1,0.09396337,0.063699636,0.136300364,0.090333333,1098,0
345,1,1,0.094611973,0.059213608,0.140786392,0.090533333,1102.5,0
346,1,0,0.095213532,0.055198009,0.144801991,0.090733333,1107,0
347,1,0,0.095973149,0.049601844,0.150398156,0.090933333,1111.5,0
348,1,0,0.09659794,0.045353936,0.154646064,0.091133333,1116,0
349,1,0,0.097131565,0.042017681,0.157982319,0.091333333,1120.5,0
350,1,0,0.09760911,0.039242232,0.160757768,0.091533333,1125,0
351,1,0,0.098050848,0.036824857,0.163175143,0.091733333,1129.5,0
352,1,0,0.098472908,0.034604252,0.165395748,0.091933333,1134,0
353,1,0,0.098879196,0.032541376,0.167458624,0.092133333,1138.5,0
354,1,0,0.09927474,0.030585937,0.169414063,0.092333333,1143,0
355,1,0,0.09966144,0.028718937,0.171281063,0.092533333,1147.5,0
356,1,0,0.100037962,0.026953711,0.173046289,0.092733333,1152,0
357,1,0,0.100407884,0.025254498,0.174745502,0.092933333,1156.5,0
358,1,0,0.100768536,0.02364797,0.17635203,0.093133333,1161,0
359,1,0,0.101122014,0.022113191,0.177886809,0.093333333,1165.5,0
360,1,0,0.101468809,0.020645244,0.179354756,0.093533333,1170,0
361,1,0,0.101806737,0.019265959,0.180734041,0.093733333,1174.5,0
362,1,0,0.102139242,0.017940913,0.182059087,0.093933333,1179,0
363,1,0,0.102463424,0.016699091,0.183300909,0.094133333,1183.5,0
364,1,0,0.10278111,0.015522238,0.184477762,0.094333333,1188,0
365,1,0,0.103092805,0.014405288,0.185594712,0.094533333,1192.5,0
366,1,0,0.103396341,0.013369921,0.186630079,0.094733333,1197,0
367,1,0,0.103695214,0.012381195,0.187618805,0.094933333,1201.5,0
368,1,0,0.103986308,0.011470254,0.188529746,0.095133333,1206,0
369,1,0,0.104271844,0.010614893,0.189385107,0.095333333,1210.5,0
370,1,0,0.104552239,0.009810942,0.190189058,0.095533333,1215,0
371,1,0,0.104825102,0.009082315,0.190917685,0.095733333,1219.5,0
372,1,0,0.105094016,0.008393177,0.191606823,0.095933333,1224,0
373,1,0,0.105355829,0.007775043,0.192224957,0.096133333,1228.5,0
374,1,0,0.105612606,0.007207275,0.192792725,0.096333333,1233,0
375,1,0,0.105864644,0.006686893,0.193313107,0.096533333,1237.5,0
376,1,0,0.106109448,0.006238856,0.193761144,0.096733333,1242,0
377,1,0,0.106350511,0.00582822,0.19417178,0.096933333,1246.5,0
378,1,0,0.106584743,0.005485907,0.194514093,0.097133333,1251,0
379,1,0,0.106814295,0.005190383,0.194809617,0.097333333,1255.5,0
380,1,0,0.107039325,0.004940084,0.195059916,0.097533333,1260,0
381,1,0,0.107253119,0.00480214,0.19519786,0.097733333,1264.5,0
382,1,0,0.107444517,0.00488816,0.19511184,0.097933333,1269,0
383,1,0,0.107587077,0.005462566,0.194537434,0.098133333,1273.5,0
384,1,0,0.10766235,0.006709834,0.193290166,0.098333333,1278,0
385,1,0,0.107662305,0.008710281,0.191289719,0.098533333,1282.5,0
386,1,0,0.107589304,0.011440289,0.188559711,0.098733333,1287,0
387,1,0,0.10745988,0.014734529,0.185265471,0.098933333,1291.5,0
388,1,0,0.107286476,0.018468577,0.181531423,0.099133333,1296,0
389,1,0,0.107084773,0.022485599,0.177514401,0.099333333,1300.5,0
390,1,0,0.10686516,0.026681732,0.173318268,0.099533333,1305,0
391,1,0,0.106631927,0.031014061,0.168985939,0.099733333,1309.5,0
392,1,0,0.106391639,0.035416948,0.164583052,0.099933333,1314,0
393,1,0,0.10614305,0.039902834,0.160097166,0.100133333,1318.5,0
394,1,0,0.105888948,0.044443855,0.155556145,0.100333333,1323,0
395,1,0,0.105630353,0.049029802,0.150970198,0.100533333,1327.5,0
396,1,0,0.105366081,0.053672523,0.146327477,0.100733333,1332,0
397,1,0,0.105100356,0.058329773,0.141670227,0.100933333,1336.5,0
398,1,0,0.104831517,0.063018166,0.136981834,0.101133333,1341,0
399,1,0,0.104563124,0.067702089,0.132297911,0.101333333,1345.5,0
400,1,0,0.104296908,0.072364256,0.127635744,0.101533333,1350,0
401,1,0,0.104032189,0.077011447,0.122988553,0.101733333,1354.5,0
402,1,0,0.103773415,0.081599182,0.118400818,0.101933333,1359,0
403,1,0,0.103518799,0.086145344,0.113854656,0.102133333,1363.5,0
404,1,0,0.103271298,0.090620352,0.109379648,0.102333333,1368,0
405,1,0,0.103032053,0.095012808,0.104987192,0.102533333,1372.5,0
406,1,0,0.102799818,0.099335154,0.100664846,0.102733333,1377,0
407,1,0,0.102578536,0.103547977,0.096452023,0.102933333,1381.5,0
408,1,0,0.102365926,0.107674074,0.092325926,0.103133333,1386,0
409,1,0,0.102164544,0.111687892,0.088312108,0.103333333,1390.5,0
410,1,0,0.101975217,0.115581159,0.084418841,0.103533333,1395,0
411,1,0,0.101796314,0.119370192,0.080629808,0.103733333,1399.5,0
412,1,0,0.101631358,0.123019751,0.076980249,0.103933333,1404,0
413,1,0,0.101477876,0.12655457,0.07344543,0.104133333,1408.5,0
414,1,0,0.101338148,0.129951852,0.070048148,0.104333333,1413,0
415,1,0,0.10121274,0.133205934,0.066794066,0.104533333,1417.5,0
416,1,0,0.101099558,0.136337752,0.063662248,0.104733333,1422,0
417,1,0,0.101002045,0.139312884,0.060687116,0.104933333,1426.5,0
418,1,0,0.10091757,0.14215763,0.05784237,0.105133333,1431,0
419,1,0,0.100847818,0.144855154,0.055144846,0.105333333,1435.5,0
420,1,0,0.100792944,0.147403889,0.052596111,0.105533333,1440,0
421,1,0,0.100750141,0.149831925,0.050168075,0.105733333,1444.5,0
422,1,0,0.100721709,0.152116239,0.047883761,0.105933333,1449,0
423,1,0,0.100703806,0.154295276,0.045704724,0.106133333,1453.5,0
424,1,0,0.100697666,0.156356669,0.043643331,0.106333333,1458,0
425,1,0,0.100703262,0.158300715,0.041699285,0.106533333,1462.5,0
426,1,1,0.100718543,0.160147904,0.039852096,0.106733333,1467,0
427,1,1,0.100788474,0.161448593,0.038551407,0.106933333,1471.5,0
428,1,1,0.101042435,0.160908988,0.039091012,0.107133333,1476,0
429,1,1,0.101347663,0.159856708,0.040143292,0.107333333,1480.5,0
430,1,1,0.101703919,0.158294139,0.041705861,0.107533333,1485,0
431,1,0,0.102158986,0.155743473,0.044256527,0.107733333,1489.5,0
432,1,0,0.102556139,0.153771941,0.046228059,0.107933333,1494,0
433,1,0,0.102877945,0.152553886,0.047446114,0.108133333,1498.5,0
434,1,0,0.103160031,0.151733022,0.048266978,0.108333333,1503,0
435,1,0,0.103424817,0.15108516,0.04891484,0.108533333,1507.5,0
436,1,0,0.103682742,0.150505918,0.049494082,0.108733333,1512,0
437,1,0,0.103943639,0.149896948,0.050103052,0.108933333,1516.5,0
438,1,0,0.104207426,0.14925907,0.05074093,0.109133333,1521,0
439,1,0,0.104477428,0.148559054,0.051440946,0.109333333,1525.5,0
440,1,0,0.104754269,0.147790642,0.052209358,0.109533333,1530,0
441,1,0,0.105035618,0.146977154,0.053022846,0.109733333,1534.5,0
442,1,0,0.105324745,0.146085882,0.053914118,0.109933333,1539,0
443,1,0,0.105618447,0.145148863,0.054851137,0.110133333,1543.5,0
444,1,0,0.105918601,0.144147322,0.055852678,0.110333333,1548,0
445,1,0,0.106225275,0.143080588,0.056919412,0.110533333,1552.5,0
446,1,0,0.106535777,0.141975559,0.058024441,0.110733333,1557,0
447,1,0,0.106853262,0.140800717,0.059199283,0.110933333,1561.5,0
448,1,0,0.10717421,0.139591231,0.060408769,0.111133333,1566,0
449,1,0,0.10750024,0.138330931,0.061669069,0.111333333,1570.5,0
450,1,0,0.107831366,0.13701967,0.06298033,0.111533333,1575,0
451,1,0,0.108164757,0.135685758,0.064314242,0.111733333,1579.5,0
452,1,0,0.108503364,0.134299693,0.065700307,0.111933333,1584,0
453,1,0,0.108843632,0.132897013,0.067102987,0.112133333,1588.5,0
454,1,0,0.109184735,0.131485988,0.068514012,0.112333333,1593,0
455,1,0,0.109514982,0.130183518,0.069816482,0.112533333,1597.5,0
456,1,0,0.109809048,0.129242849,0.070757151,0.112733333,1602,0
457,1,0,0.110045172,0.128881611,0.071118389,0.112933333,1606.5,0
458,1,0,0.110205352,0.12927981,0.07072019,0.113133333,1611,0
459,1,0,0.110290527,0.13042806,0.06957194,0.113333333,1615.5,0
460,1,0,0.110311046,0.132222871,0.067777129,0.113533333,1620,0
461,1,1,0.110279664,0.134536689,0.065463311,0.113733333,1624.5,0
462,1,1,0.110458761,0.134745719,0.065254281,0.113933333,1629,0
463,1,1,0.110617392,0.135159416,0.064840584,0.114133333,1633.5,0
464,1,1,0.110851094,0.134822392,0.065177608,0.114333333,1638,0
465,1,1,0.111122929,0.134104048,0.065895952,0.114533333,1642.5,0
466,1,1,0.11135368,0.133796528,0.066203472,0.114733333,1647,0
467,1,1,0.111711979,0.132213544,0.067786456,0.114933333,1651.5,0
468,1,1,0.111975908,0.131574251,0.068425749,0.115133333,1656,0
469,1,1,0.112415239,0.129180941,0.070819059,0.115333333,1660.5,0
470,1,1,0.112781048,0.127522855,0.072477145,0.115533333,1665,0
471,1,1,0.113221817,0.125115166,0.074884834,0.115733333,1669.5,0
472,1,1,0.113702394,0.122309393,0.077690607,0.115933333,1674,0
473,1,1,0.114122286,0.120110469,0.079889531,0.116133333,1678.5,0
474,1,1,0.114711151,0.116221828,0.083778172,0.116333333,1683,0
475,1,1,0.115169771,0.113635623,0.086364377,0.116533333,1687.5,0
476,1,0,0.11581555,0.109177832,0.090822168,0.116733333,1692,0
477,1,0,0.11633046,0.106028736,0.093971264,0.116933333,1696.5,0
478,1,0,0.116696715,0.10436618,0.09563382,0.117133333,1701,0
479,1,0,0.116971873,0.103614606,0.096385394,0.117333333,1705.5,0
480,1,0,0.117193118,0.103402156,0.096597844,0.117533333,1710,0
481,1,0,0.117379591,0.103537425,0.096462575,0.117733333,1714.5,0
482,1,0,0.11754673,0.103866036,0.096133964,0.117933333,1719,0
483,1,0,0.117697522,0.104358113,0.095641887,0.118133333,1723.5,0
484,1,0,0.117837436,0.104958968,0.095041032,0.118333333,1728,0
485,1,0,0.117968857,0.10564476,0.09435524,0.118533333,1732.5,0
486,1,0,0.118090741,0.10642592,0.09357408,0.118733333,1737,0
487,1,0,0.118207999,0.107253348,0.092746652,0.118933333,1741.5,0
488,1,0,0.118318498,0.108148352,0.091851648,0.119133333,1746,0
489,1,0,0.118425637,0.109076958,0.090923042,0.119333333,1750.5,0
490,1,0,0.118530855,0.110024788,0.089975212,0.119533333,1755,0
491,1,0,0.118632622,0.111007113,0.088992887,0.119733333,1759.5,0
492,1,0,0.118735515,0.111978188,0.088021812,0.119933333,1764,0
493,1,0,0.118836984,0.112963493,0.087036507,0.120133333,1768.5,0
494,1,0,0.118940033,0.113933003,0.086066997,0.120333333,1773,0
495,1,0,0.11904566,0.114876734,0.085123266,0.120533333,1777.5,0
496,1,0,0.119151756,0.115815772,0.084184228,0.120733333,1782,0
497,1,0,0.119262546,0.11670787,0.08329213,0.120933333,1786.5,0
498,1,0,0.119375281,0.117580523,0.082419477,0.121133333,1791,0
499,1,0,0.119492553,0.118407802,0.081592198,0.121333333,1795.5,0
500,1,0,0.119614482,0.119188514,0.080811486,0.121533333,1800,0
501,1,0,0.119738221,0.119951122,0.080048878,0.121733333,1800,0
502,1,0,0.11986696,0.120663736,0.079336264,0.121933333,1800,0
503,1,0,0.119997159,0.121361747,0.078638253,0.122133333,1800,0
504,1,0,0.120130934,0.122023995,0.077976005,0.122333333,1800,0
505,1,0,0.120268956,0.122643775,0.077356225,0.122533333,1800,0
506,1,0,0.120409027,0.123243066,0.076756934,0.122733333,1800,0
507,1,0,0.120555356,0.123779772,0.076220228,0.122933333,1800,0
508,1,0,0.120705053,0.124282801,0.075717199,0.123133333,1800,0
509,1,0,0.120860659,0.124726747,0.075273253,0.123333333,1800,0
510,1,0,0.121022776,0.125105576,0.074894424,0.123533333,1800,0
511,1,1,0.121188976,0.125443575,0.074556425,0.123733333,1800,0
512,1,1,0.121390268,0.125430651,0.074569349,0.123933333,1800,0
513,1,1,0.121875905,0.122574288,0.077425712,0.124133333,1800,0
514,1,1,0.122411892,0.119214415,0.080785585,0.124333333,1800,0
515,1,1,0.123006172,0.115271609,0.084728391,0.124533333,1800,0
516,1,0,0.123747714,0.109856195,0.090143805,0.124733333,1800,0
517,1,0,0.124354802,0.105785313,0.094214687,0.124933333,1800,0
518,1,0,0.124848276,0.10285057,0.09714943,0.125133333,1800,0
519,1,0,0.125279039,0.100542942,0.099457058,0.125333333,1800,0
520,1,0,0.125678301,0.098550325,0.101449675,0.125533333,1800,0
521,1,0,0.126060113,0.0967322,0.1032678,0.125733333,1800,0
522,1,0,0.126436412,0.09496921,0.10503079,0.125933333,1800,0
523,1,0,0.126807496,0.093258374,0.106741626,0.126133333,1800,0
524,1,0,0.127176791,0.091565419,0.108434581,0.126333333,1800,0
525,1,0,0.127545044,0.089882895,0.110117105,0.126533333,1800,0
526,1,0,0.127909631,0.088237028,0.111762972,0.126733333,1800,0
527,1,0,0.128274664,0.086586691,0.113413309,0.126933333,1800,0
528,1,0,0.128636703,0.084966304,0.115033696,0.127133333,1800,0
529,1,0,0.128997818,0.083355157,0.116644843,0.127333333,1800,0
530,1,0,0.1293585,0.081748331,0.118251669,0.127533333,1800,0
531,1,0,0.129715934,0.080173989,0.119826011,0.127733333,1800,0
532,1,0,0.130073681,0.078596519,0.121403481,0.127933333,1800,1
533,1,0,0.130428106,0.077052277,0.122947723,0.128133333,1800,1
534,1,0,0.130781069,0.075522639,0.124477361,0.128333333,1800,1
535,1,0,0.131132692,0.074006412,0.125993588,0.128533333,1800,1
536,1,0,0.131479979,0.072533548,0.127466452,0.128733333,1800,1
537,1,0,0.131826669,0.071066644,0.128933356,0.128933333,1800,1
538,1,0,0.132168934,0.069643996,0.130356004,0.129133333,1800,1
539,1,0,0.132508799,0.068245339,0.131754661,0.129333333,1800,1
540,1,0,0.132846504,0.066868289,0.133131711,0.129533333,1800,1
541,1,0,0.133178815,0.065545181,0.134454819,0.129733333,1800,1
542,1,0,0.133509487,0.064238464,0.135761536,0.129933333,1800,1
543,1,0,0.133834526,0.062988074,0.137011926,0.130133333,1800,1
544,1,0,0.134156033,0.061772999,0.138227001,0.130333333,1800,1
545,1,0,0.134474158,0.06059175,0.13940825,0.130533333,1800,1
546,1,0,0.134785324,0.05948009,0.14051991,0.130733333,1800,1
547,1,0,0.135087147,0.05846186,0.14153814,0.130933333,1800,1
548,1,0,0.135353729,0.057796042,0.142203958,0.131133333,1800,1
549,1,0,0.135552987,0.057803459,0.142196541,0.131333333,1800,1
550,1,0,0.13565515,0.058781835,0.141218165,0.131533333,1800,1
551,1,0,0.135644451,0.060888825,0.139111175,0.131733333,1800,1
552,1,0,0.135530934,0.064023996,0.135976004,0.131933333,1800,1
553,1,0,0.135329485,0.068038484,0.131961516,0.132133333,1800,1
554,1,0,0.135065109,0.072682248,0.127317752,0.132333333,1800,1
555,1,0,0.134758547,0.077747864,0.122252136,0.132533333,1800,1
556,1,0,0.134422585,0.08310748,0.11689252,0.132733333,1800,1
557,1,0,0.134070858,0.08862475,0.11137525,0.132933333,1800,1
558,1,0,0.133705303,0.094280303,0.105719697,0.133133333,1800,1
559,1,0,0.133330688,0.100026455,0.099973545,0.133333333,1800,1
560,1,0,0.132948577,0.105847559,0.094152441,0.133533333,1800,1
561,1,0,0.13255699,0.111763435,0.088236565,0.133733333,1800,1
562,1,0,0.132161692,0.117716415,0.082283585,0.133933333,1800,1
563,1,0,0.131761357,0.123719761,0.076280239,0.134133333,1800,1
564,1,0,0.131361529,0.129718041,0.070281959,0.134333333,1800,1
565,1,0,0.130965814,0.135675193,0.064324807,0.134533333,1800,1
566,1,0,0.130574837,0.14158496,0.05841504,0.134733333,1800,1
567,1,0,0.130194917,0.14738416,0.05261584,0.134933333,1800,1
568,1,0,0.129824519,0.153088142,0.046911858,0.135133333,1800,1
569,1,0,0.129467025,0.158663079,0.041336921,0.135333333,1800,1
570,1,0,0.129123539,0.164097946,0.035902054,0.135533333,1800,1
571,1,0,0.128791898,0.169414348,0.030585652,0.135733333,1800,1
572,1,0,0.128476188,0.174571457,0.025428543,0.135933333,1800,1
573,1,0,0.128173172,0.179601609,0.020398391,0.136133333,1800,1
574,1,0,0.127885535,0.18447798,0.01552202,0.136333333,1800,1
575,1,0,0.127613947,0.189193865,0.010806135,0.136533333,1800,1
576,1,1,0.127356037,0.193772958,0.006227042,0.136733333,1800,1
577,1,1,0.1274703,0.194630337,0.005369663,0.136933333,1800,1
578,1,1,0.127568394,0.195649394,0.004350606,0.137133333,1800,1
579,1,1,0.127809122,0.195242111,0.004757889,0.137333333,1800,1
580,1,1,0.128127784,0.194055498,0.005944502,0.137533333,1800,1
581,1,1,0.128397495,0.193358388,0.006641612,0.137733333,1800,1
582,1,1,0.128898129,0.190352045,0.009647955,0.137933333,1800,1
583,1,1,0.129249617,0.188837159,0.011162841,0.138133333,1800,1
584,1,1,0.129870802,0.184625312,0.015374688,0.138333333,1800,1
585,1,1,0.130391002,0.181423316,0.018576684,0.138533333,1800,1
586,1,0,0.131029814,0.177035189,0.022964811,0.138733333,1800,1
587,1,0,0.131721973,0.172113599,0.027886401,0.138933333,1800,1
588,1,0,0.132228836,0.169044969,0.030955031,0.139133333,1800,1
589,1,0,0.132626325,0.167070084,0.032929916,0.139333333,1800,1
590,1,0,0.132966802,0.165665318,0.034334682,0.139533333,1800,1
591,1,1,0.133277312,0.164560214,0.035439786,0.139733333,1800,1
592,1,1,0.133607388,0.163259458,0.036740542,0.139933333,1800,1
593,1,1,0.134281129,0.158522047,0.041477953,0.140133333,1800,1
594,1,1,0.135003254,0.153300795,0.046699205,0.140333333,1800,1
595,1,1,0.135787711,0.147456228,0.052543772,0.140533333,1800,1
596,1,0,0.1367452,0.139881338,0.060118662,0.140733333,1800,1
597,1,0,0.137513652,0.134196809,0.065803191,0.140933333,1800,1
598,1,0,0.138140932,0.129924016,0.070075984,0.141133333,1800,1
599,1,0,0.138690874,0.126424594,0.073575406,0.141333333,1800,1
600,0,0,0.139201671,0.123316624,0.076683376,0.141533333,1800,1
